[
  {
    "soal": "Apa yang kamu bawa setiap hari tapi tak pernah kamu lihat?",
    "jawaban": "punggung"
  },
  {
    "soal": "Apa yang harus dipecahkan sebelum digunakan?",
    "jawaban": "telur"
  },
  {
    "soal": "Apa yang selalu basah saat mengeringkan?",
    "jawaban": "handuk"
  },
  {
    "soal": "Apa yang makin banyak diambil, makin besar lubangnya?",
    "jawaban": "lubang"
  },
  {
    "soal": "Aku selalu datang setelah kilat. Siapakah aku?",
    "jawaban": "guntur"
  },
  {
    "soal": "Apa yang datang sekali dalam satu menit, dua kali dalam satu momen, tapi tidak pernah dalam seribu tahun?",
    "jawaban": "huruf M"
  },
  {
    "soal": "Apa yang punya gigi tapi tidak bisa menggigit?",
    "jawaban": "sisir"
  },
  {
    "soal": "Alat apa yang selalu ada di ujung tangan tapi tak bisa dipakai menulis?",
    "jawaban": "kuku"
  },
  {
    "soal": "Apa yang kamu bawa setiap hari tapi tak pernah kamu lihat?",
    "jawaban": "punggung"
  },
  {
    "soal": "Aku selalu di depanmu, tapi kamu tidak bisa melihatku. Apa aku?",
    "jawaban": "masa depan"
  },
  {
    "soal": "Apa yang makin banyak diambil, makin besar lubangnya?",
    "jawaban": "lubang"
  },
  {
    "soal": "Aku punya banyak huruf tapi bukan kata, aku bisa dikirim tapi bukan surat. Apa aku?",
    "jawaban": "sms"
  },
  {
    "soal": "Apa yang bisa menghilang jika kamu menyebutnya?",
    "jawaban": "keheningan"
  },
  {
    "soal": "Apa yang kamu bawa setiap hari tapi tak pernah kamu lihat?",
    "jawaban": "punggung"
  },
  {
    "soal": "Apa yang kamu miliki, tapi orang lain lebih sering menggunakannya?",
    "jawaban": "namamu"
  },
  {
    "soal": "Apa yang kamu bawa setiap hari tapi tak pernah kamu lihat?",
    "jawaban": "punggung"
  },
  {
    "soal": "Buah apa yang namanya juga nama warna?",
    "jawaban": "jeruk"
  },
  {
    "soal": "Benda apa yang bisa dibuka tapi bukan pintu, bukan kunci?",
    "jawaban": "rahasia"
  },
  {
    "soal": "Apa yang kamu bawa setiap hari tapi tak pernah kamu lihat?",
    "jawaban": "punggung"
  },
  {
    "soal": "Apa yang bisa dibagi tapi tidak bisa disentuh?",
    "jawaban": "waktu"
  },
  {
    "soal": "Apa yang naik tapi tidak pernah turun?",
    "jawaban": "umur"
  },
  {
    "soal": "Apa yang kamu bawa setiap hari tapi tak pernah kamu lihat?",
    "jawaban": "punggung"
  },
  {
    "soal": "Benda apa yang bisa dibuka tapi bukan pintu, bukan kunci?",
    "jawaban": "rahasia"
  },
  {
    "soal": "Benda apa yang bisa dipakai untuk melihat masa lalu?",
    "jawaban": "foto"
  },
  {
    "soal": "Apa yang bisa pecah tanpa disentuh?",
    "jawaban": "diam"
  },
  {
    "soal": "Benda apa yang makin bersih makin kotor?",
    "jawaban": "lap"
  },
  {
    "soal": "Tempat apa yang tidak pernah kamu kunjungi tapi sering kamu baca namanya di peta?",
    "jawaban": "kutub"
  },
  {
    "soal": "Apa yang berjalan tanpa kaki?",
    "jawaban": "waktu"
  },
  {
    "soal": "Apa yang kamu bawa setiap hari tapi tak pernah kamu lihat?",
    "jawaban": "punggung"
  },
  {
    "soal": "Apa yang punya banyak lubang tapi tetap bisa menahan air?",
    "jawaban": "spons"
  },
  {
    "soal": "Benda apa yang bisa dipakai untuk melihat masa lalu?",
    "jawaban": "foto"
  },
  {
    "soal": "Apa yang datang sekali dalam satu menit, dua kali dalam satu momen, tapi tidak pernah dalam seribu tahun?",
    "jawaban": "huruf M"
  },
  {
    "soal": "Apa yang bisa dibagi tapi tidak bisa disentuh?",
    "jawaban": "waktu"
  },
  {
    "soal": "Apa yang punya banyak lubang tapi tetap bisa menahan air?",
    "jawaban": "spons"
  },
  {
    "soal": "Apa yang harus dipecahkan sebelum digunakan?",
    "jawaban": "telur"
  },
  {
    "soal": "Aku selalu datang setelah kilat. Siapakah aku?",
    "jawaban": "guntur"
  },
  {
    "soal": "Buah apa yang namanya juga nama warna?",
    "jawaban": "jeruk"
  },
  {
    "soal": "Tempat apa yang tidak pernah kamu kunjungi tapi sering kamu baca namanya di peta?",
    "jawaban": "kutub"
  },
  {
    "soal": "Apa yang punya jendela tapi bukan rumah?",
    "jawaban": "komputer"
  },
  {
    "soal": "Aku berwarna putih, turun dari langit, dingin dan lembut. Apa aku?",
    "jawaban": "salju"
  },
  {
    "soal": "Apa yang bisa berjalan dan berlari tapi tak punya kaki?",
    "jawaban": "air"
  },
  {
    "soal": "Apa yang bisa pecah tanpa disentuh?",
    "jawaban": "diam"
  },
  {
    "soal": "Apa yang bisa kamu ambil tapi tidak bisa kamu pegang?",
    "jawaban": "foto"
  },
  {
    "soal": "Aku punya banyak huruf tapi bukan kata, aku bisa dikirim tapi bukan surat. Apa aku?",
    "jawaban": "sms"
  },
  {
    "soal": "Benda apa yang makin bersih makin kotor?",
    "jawaban": "lap"
  },
  {
    "soal": "Apa yang selalu basah saat mengeringkan?",
    "jawaban": "handuk"
  },
  {
    "soal": "Apa yang naik tapi tidak pernah turun?",
    "jawaban": "umur"
  },
  {
    "soal": "Apa yang kamu miliki, tapi orang lain lebih sering menggunakannya?",
    "jawaban": "namamu"
  },
  {
    "soal": "Apa yang bisa berjalan dan berlari tapi tak punya kaki?",
    "jawaban": "air"
  },
  {
    "soal": "Benda apa yang bisa dipakai untuk melihat masa lalu?",
    "jawaban": "foto"
  },
  {
    "soal": "Apa yang punya jendela tapi bukan rumah?",
    "jawaban": "komputer"
  },
  {
    "soal": "Benda apa yang tidak bisa dipakai saat kosong?",
    "jawaban": "gelas"
  },
  {
    "soal": "Benda apa yang bisa dibuka tapi bukan pintu, bukan kunci?",
    "jawaban": "rahasia"
  },
  {
    "soal": "Aku milikmu tapi orang lain yang sering memakainya. Apa aku?",
    "jawaban": "nama"
  },
  {
    "soal": "Aku punya banyak huruf tapi bukan kata, aku bisa dikirim tapi bukan surat. Apa aku?",
    "jawaban": "sms"
  },
  {
    "soal": "Aku milikmu tapi orang lain yang sering memakainya. Apa aku?",
    "jawaban": "nama"
  },
  {
    "soal": "Aku selalu datang setelah kilat. Siapakah aku?",
    "jawaban": "guntur"
  },
  {
    "soal": "Apa yang bisa memantulkan bayangan tetapi bukan cermin?",
    "jawaban": "air"
  },
  {
    "soal": "Tempat apa yang tidak pernah kamu kunjungi tapi sering kamu baca namanya di peta?",
    "jawaban": "kutub"
  },
  {
    "soal": "Apa yang bisa kamu lihat tapi tidak bisa kamu sentuh?",
    "jawaban": "bayangan"
  },
  {
    "soal": "Apa yang naik tapi tidak pernah turun?",
    "jawaban": "umur"
  },
  {
    "soal": "Apa yang bisa kamu dengar tapi tidak bisa kamu lihat?",
    "jawaban": "suara"
  },
  {
    "soal": "Apa yang datang tapi tidak pernah tiba?",
    "jawaban": "besok"
  },
  {
    "soal": "Apa yang harus dipecahkan sebelum digunakan?",
    "jawaban": "telur"
  },
  {
    "soal": "Buah apa yang namanya juga nama warna?",
    "jawaban": "jeruk"
  },
  {
    "soal": "Apa yang bisa kamu lihat tapi tidak bisa kamu sentuh?",
    "jawaban": "bayangan"
  },
  {
    "soal": "Aku milikmu tapi orang lain yang sering memakainya. Apa aku?",
    "jawaban": "nama"
  },
  {
    "soal": "Aku punya banyak huruf tapi bukan kata, aku bisa dikirim tapi bukan surat. Apa aku?",
    "jawaban": "sms"
  },
  {
    "soal": "Apa yang datang tapi tidak pernah tiba?",
    "jawaban": "besok"
  },
  {
    "soal": "Apa yang punya jendela tapi bukan rumah?",
    "jawaban": "komputer"
  },
  {
    "soal": "Benda apa yang bisa dipakai untuk melihat masa lalu?",
    "jawaban": "foto"
  },
  {
    "soal": "Apa yang punya tangan tapi tidak bisa memegang?",
    "jawaban": "jam"
  },
  {
    "soal": "Apa yang bisa kamu ambil tapi tidak bisa kamu pegang?",
    "jawaban": "foto"
  },
  {
    "soal": "Benda apa yang bisa dibuka tapi bukan pintu, bukan kunci?",
    "jawaban": "rahasia"
  },
  {
    "soal": "Apa yang bisa berjalan dan berlari tapi tak punya kaki?",
    "jawaban": "air"
  },
  {
    "soal": "Apa yang naik tapi tidak pernah turun?",
    "jawaban": "umur"
  },
  {
    "soal": "Apa yang bisa berjalan dan berlari tapi tak punya kaki?",
    "jawaban": "air"
  },
  {
    "soal": "Apa yang punya banyak lubang tapi tetap bisa menahan air?",
    "jawaban": "spons"
  },
  {
    "soal": "Apa yang punya leher tapi tidak punya kepala?",
    "jawaban": "baju"
  },
  {
    "soal": "Aku punya banyak huruf tapi bukan kata, aku bisa dikirim tapi bukan surat. Apa aku?",
    "jawaban": "sms"
  },
  {
    "soal": "Apa yang bisa dibagi tapi tidak bisa disentuh?",
    "jawaban": "waktu"
  },
  {
    "soal": "Alat apa yang selalu ada di ujung tangan tapi tak bisa dipakai menulis?",
    "jawaban": "kuku"
  },
  {
    "soal": "Tempat apa yang tidak pernah kamu kunjungi tapi sering kamu baca namanya di peta?",
    "jawaban": "kutub"
  },
  {
    "soal": "Apa yang punya banyak lubang tapi tetap bisa menahan air?",
    "jawaban": "spons"
  },
  {
    "soal": "Apa yang punya banyak lubang tapi tetap bisa menahan air?",
    "jawaban": "spons"
  },
  {
    "soal": "Apa yang selalu basah saat mengeringkan?",
    "jawaban": "handuk"
  },
  {
    "soal": "Alat apa yang selalu ada di ujung tangan tapi tak bisa dipakai menulis?",
    "jawaban": "kuku"
  },
  {
    "soal": "Apa yang bisa menghilang jika kamu menyebutnya?",
    "jawaban": "keheningan"
  },
  {
    "soal": "Apa yang selalu ada di malam, tapi tidak di siang?",
    "jawaban": "huruf M"
  },
  {
    "soal": "Apa yang datang sekali dalam satu menit, dua kali dalam satu momen, tapi tidak pernah dalam seribu tahun?",
    "jawaban": "huruf M"
  },
  {
    "soal": "Alat apa yang selalu ada di ujung tangan tapi tak bisa dipakai menulis?",
    "jawaban": "kuku"
  },
  {
    "soal": "Apa yang bisa menghilang jika kamu menyebutnya?",
    "jawaban": "keheningan"
  },
  {
    "soal": "Apa yang hanya bisa berdiri jika dibaringkan?",
    "jawaban": "telur"
  },
  {
    "soal": "Apa yang punya tangan tapi tidak bisa memegang?",
    "jawaban": "jam"
  },
  {
    "soal": "Benda apa yang bisa dibuka tapi bukan pintu, bukan kunci?",
    "jawaban": "rahasia"
  },
  {
    "soal": "Apa yang bisa memantulkan bayangan tetapi bukan cermin?",
    "jawaban": "air"
  },
  {
    "soal": "Aku berwarna putih, turun dari langit, dingin dan lembut. Apa aku?",
    "jawaban": "salju"
  },
  {
    "soal": "Apa yang selalu ada di malam, tapi tidak di siang?",
    "jawaban": "huruf M"
  },
  {
    "soal": "Apa yang bisa berjalan dan berlari tapi tak punya kaki?",
    "jawaban": "air"
  },
  {
    "soal": "Apa yang selalu ada di malam, tapi tidak di siang?",
    "jawaban": "huruf M"
  },
  {
    "soal": "Apa yang bisa berjalan dan berlari tapi tak punya kaki?",
    "jawaban": "air"
  },
  {
    "soal": "Apa yang bisa kamu dengar tapi tidak bisa kamu lihat?",
    "jawaban": "suara"
  },
  {
    "soal": "Binatang apa yang namanya sama dengan suara yang dia keluarkan?",
    "jawaban": "kukuruyuk"
  },
  {
    "soal": "Apa yang bisa memantulkan bayangan tetapi bukan cermin?",
    "jawaban": "air"
  },
  {
    "soal": "Apa yang bisa memantulkan bayangan tetapi bukan cermin?",
    "jawaban": "air"
  },
  {
    "soal": "Apa yang punya gigi tapi tidak bisa menggigit?",
    "jawaban": "sisir"
  },
  {
    "soal": "Aku selalu datang setelah kilat. Siapakah aku?",
    "jawaban": "guntur"
  },
  {
    "soal": "Alat apa yang selalu ada di ujung tangan tapi tak bisa dipakai menulis?",
    "jawaban": "kuku"
  },
  {
    "soal": "Apa yang bisa menghilang jika kamu menyebutnya?",
    "jawaban": "keheningan"
  },
  {
    "soal": "Apa yang bisa kamu lihat tapi tidak bisa kamu sentuh?",
    "jawaban": "bayangan"
  },
  {
    "soal": "Aku punya banyak huruf tapi bukan kata, aku bisa dikirim tapi bukan surat. Apa aku?",
    "jawaban": "sms"
  },
  {
    "soal": "Apa yang bisa pecah tanpa disentuh?",
    "jawaban": "diam"
  },
  {
    "soal": "Aku berwarna putih, turun dari langit, dingin dan lembut. Apa aku?",
    "jawaban": "salju"
  },
  {
    "soal": "Aku selalu datang setelah kilat. Siapakah aku?",
    "jawaban": "guntur"
  },
  {
    "soal": "Apa yang bisa kamu ambil tapi tidak bisa kamu pegang?",
    "jawaban": "foto"
  },
  {
    "soal": "Apa yang kamu bawa setiap hari tapi tak pernah kamu lihat?",
    "jawaban": "punggung"
  },
  {
    "soal": "Apa yang hanya bisa berdiri jika dibaringkan?",
    "jawaban": "telur"
  },
  {
    "soal": "Apa yang punya leher tapi tidak punya kepala?",
    "jawaban": "baju"
  },
  {
    "soal": "Apa yang bisa kamu dengar tapi tidak bisa kamu lihat?",
    "jawaban": "suara"
  },
  {
    "soal": "Aku punya banyak huruf tapi bukan kata, aku bisa dikirim tapi bukan surat. Apa aku?",
    "jawaban": "sms"
  },
  {
    "soal": "Apa yang berjalan tanpa kaki?",
    "jawaban": "waktu"
  },
  {
    "soal": "Benda apa yang makin bersih makin kotor?",
    "jawaban": "lap"
  },
  {
    "soal": "Apa yang selalu basah saat mengeringkan?",
    "jawaban": "handuk"
  },
  {
    "soal": "Apa yang punya leher tapi tidak punya kepala?",
    "jawaban": "baju"
  },
  {
    "soal": "Benda apa yang bisa dibuka tapi bukan pintu, bukan kunci?",
    "jawaban": "rahasia"
  },
  {
    "soal": "Benda apa yang makin bersih makin kotor?",
    "jawaban": "lap"
  },
  {
    "soal": "Aku punya kunci tapi tidak ada gembok, aku punya ruang tapi tidak ada pintu. Siapakah aku?",
    "jawaban": "keyboard"
  },
  {
    "soal": "Apa yang kamu miliki, tapi orang lain lebih sering menggunakannya?",
    "jawaban": "namamu"
  },
  {
    "soal": "Apa yang bisa kamu ambil tapi tidak bisa kamu pegang?",
    "jawaban": "foto"
  },
  {
    "soal": "Aku milikmu tapi orang lain yang sering memakainya. Apa aku?",
    "jawaban": "nama"
  },
  {
    "soal": "Apa yang punya jendela tapi bukan rumah?",
    "jawaban": "komputer"
  },
  {
    "soal": "Apa yang bisa mengisi ruangan tapi tidak punya bentuk?",
    "jawaban": "cahaya"
  },
  {
    "soal": "Apa yang datang sekali dalam satu menit, dua kali dalam satu momen, tapi tidak pernah dalam seribu tahun?",
    "jawaban": "huruf M"
  },
  {
    "soal": "Apa yang punya banyak lubang tapi tetap bisa menahan air?",
    "jawaban": "spons"
  },
  {
    "soal": "Apa yang selalu basah saat mengeringkan?",
    "jawaban": "handuk"
  },
  {
    "soal": "Apa yang bisa berjalan dan berlari tapi tak punya kaki?",
    "jawaban": "air"
  },
  {
    "soal": "Apa yang kamu miliki, tapi orang lain lebih sering menggunakannya?",
    "jawaban": "namamu"
  },
  {
    "soal": "Apa yang bisa berjalan dan berlari tapi tak punya kaki?",
    "jawaban": "air"
  },
  {
    "soal": "Apa yang bisa dibagi tapi tidak bisa disentuh?",
    "jawaban": "waktu"
  },
  {
    "soal": "Apa yang makin banyak diambil, makin besar lubangnya?",
    "jawaban": "lubang"
  },
  {
    "soal": "Semakin dipotong aku semakin besar. Apa aku?",
    "jawaban": "lubang"
  },
  {
    "soal": "Apa yang bisa memantulkan bayangan tetapi bukan cermin?",
    "jawaban": "air"
  },
  {
    "soal": "Apa yang bisa kamu lihat tapi tidak bisa kamu sentuh?",
    "jawaban": "bayangan"
  },
  {
    "soal": "Apa yang makin banyak diambil, makin besar lubangnya?",
    "jawaban": "lubang"
  },
  {
    "soal": "Apa yang bisa kamu lihat tapi tidak bisa kamu sentuh?",
    "jawaban": "bayangan"
  },
  {
    "soal": "Benda apa yang bisa dibuka tapi bukan pintu, bukan kunci?",
    "jawaban": "rahasia"
  },
  {
    "soal": "Apa yang bisa berjalan dan berlari tapi tak punya kaki?",
    "jawaban": "air"
  },
  {
    "soal": "Apa yang datang tapi tidak pernah tiba?",
    "jawaban": "besok"
  },
  {
    "soal": "Apa yang kamu miliki, tapi orang lain lebih sering menggunakannya?",
    "jawaban": "namamu"
  },
  {
    "soal": "Apa yang selalu ada di malam, tapi tidak di siang?",
    "jawaban": "huruf M"
  },
  {
    "soal": "Aku selalu di depanmu, tapi kamu tidak bisa melihatku. Apa aku?",
    "jawaban": "masa depan"
  },
  {
    "soal": "Benda apa yang makin bersih makin kotor?",
    "jawaban": "lap"
  },
  {
    "soal": "Apa yang makin banyak diambil, makin besar lubangnya?",
    "jawaban": "lubang"
  },
  {
    "soal": "Benda apa yang bisa dipakai untuk melihat masa lalu?",
    "jawaban": "foto"
  },
  {
    "soal": "Aku selalu di depanmu, tapi kamu tidak bisa melihatku. Apa aku?",
    "jawaban": "masa depan"
  },
  {
    "soal": "Benda apa yang makin bersih makin kotor?",
    "jawaban": "lap"
  },
  {
    "soal": "Apa yang bisa berjalan dan berlari tapi tak punya kaki?",
    "jawaban": "air"
  },
  {
    "soal": "Apa yang punya leher tapi tidak punya kepala?",
    "jawaban": "baju"
  },
  {
    "soal": "Apa yang punya gigi tapi tidak bisa menggigit?",
    "jawaban": "sisir"
  },
  {
    "soal": "Apa yang bisa kamu dengar tapi tidak bisa kamu lihat?",
    "jawaban": "suara"
  },
  {
    "soal": "Apa yang makin banyak diambil, makin besar lubangnya?",
    "jawaban": "lubang"
  },
  {
    "soal": "Apa yang makin banyak diambil, makin besar lubangnya?",
    "jawaban": "lubang"
  },
  {
    "soal": "Aku punya kunci tapi tidak ada gembok, aku punya ruang tapi tidak ada pintu. Siapakah aku?",
    "jawaban": "keyboard"
  },
  {
    "soal": "Apa yang tidak punya awal dan akhir?",
    "jawaban": "lingkaran"
  },
  {
    "soal": "Apa yang selalu basah saat mengeringkan?",
    "jawaban": "handuk"
  },
  {
    "soal": "Apa yang kamu miliki, tapi orang lain lebih sering menggunakannya?",
    "jawaban": "namamu"
  },
  {
    "soal": "Aku selalu di depanmu, tapi kamu tidak bisa melihatku. Apa aku?",
    "jawaban": "masa depan"
  },
  {
    "soal": "Apa yang datang sekali dalam satu menit, dua kali dalam satu momen, tapi tidak pernah dalam seribu tahun?",
    "jawaban": "huruf M"
  },
  {
    "soal": "Apa yang bisa kamu dengar tapi tidak bisa kamu lihat?",
    "jawaban": "suara"
  },
  {
    "soal": "Apa yang bisa kamu lihat tapi tidak bisa kamu sentuh?",
    "jawaban": "bayangan"
  },
  {
    "soal": "Apa yang bisa pecah tanpa disentuh?",
    "jawaban": "diam"
  },
  {
    "soal": "Aku selalu di depanmu, tapi kamu tidak bisa melihatku. Apa aku?",
    "jawaban": "masa depan"
  },
  {
    "soal": "Apa yang bisa mengisi ruangan tapi tidak punya bentuk?",
    "jawaban": "cahaya"
  },
  {
    "soal": "Benda apa yang tidak bisa dipakai saat kosong?",
    "jawaban": "gelas"
  },
  {
    "soal": "Aku selalu datang setelah kilat. Siapakah aku?",
    "jawaban": "guntur"
  },
  {
    "soal": "Apa yang punya tangan tapi tidak bisa memegang?",
    "jawaban": "jam"
  },
  {
    "soal": "Binatang apa yang namanya sama dengan suara yang dia keluarkan?",
    "jawaban": "kukuruyuk"
  },
  {
    "soal": "Apa yang makin banyak diambil, makin besar lubangnya?",
    "jawaban": "lubang"
  },
  {
    "soal": "Apa yang makin banyak diambil, makin besar lubangnya?",
    "jawaban": "lubang"
  },
  {
    "soal": "Apa yang tidak punya awal dan akhir?",
    "jawaban": "lingkaran"
  },
  {
    "soal": "Apa yang selalu ada di malam, tapi tidak di siang?",
    "jawaban": "huruf M"
  },
  {
    "soal": "Binatang apa yang namanya sama dengan suara yang dia keluarkan?",
    "jawaban": "kukuruyuk"
  },
  {
    "soal": "Apa yang bisa kamu ambil tapi tidak bisa kamu pegang?",
    "jawaban": "foto"
  },
  {
    "soal": "Apa yang bisa kamu dengar tapi tidak bisa kamu lihat?",
    "jawaban": "suara"
  },
  {
    "soal": "Apa yang datang tapi tidak pernah tiba?",
    "jawaban": "besok"
  },
  {
    "soal": "Benda apa yang tidak bisa dipakai saat kosong?",
    "jawaban": "gelas"
  },
  {
    "soal": "Apa yang kamu miliki, tapi orang lain lebih sering menggunakannya?",
    "jawaban": "namamu"
  },
  {
    "soal": "Apa yang bisa kamu dengar tapi tidak bisa kamu lihat?",
    "jawaban": "suara"
  },
  {
    "soal": "Apa yang bisa dibagi tapi tidak bisa disentuh?",
    "jawaban": "waktu"
  },
  {
    "soal": "Benda apa yang tidak bisa dipakai saat kosong?",
    "jawaban": "gelas"
  },
  {
    "soal": "Apa yang bisa dibagi tapi tidak bisa disentuh?",
    "jawaban": "waktu"
  },
  {
    "soal": "Apa yang kamu bawa setiap hari tapi tak pernah kamu lihat?",
    "jawaban": "punggung"
  },
  {
    "soal": "Aku selalu di depanmu, tapi kamu tidak bisa melihatku. Apa aku?",
    "jawaban": "masa depan"
  },
  {
    "soal": "Apa yang selalu ada di malam, tapi tidak di siang?",
    "jawaban": "huruf M"
  },
  {
    "soal": "Apa yang bisa kamu ambil tapi tidak bisa kamu pegang?",
    "jawaban": "foto"
  },
  {
    "soal": "Aku punya kunci tapi tidak ada gembok, aku punya ruang tapi tidak ada pintu. Siapakah aku?",
    "jawaban": "keyboard"
  },
  {
    "soal": "Apa yang bisa kamu lihat tapi tidak bisa kamu sentuh?",
    "jawaban": "bayangan"
  },
  {
    "soal": "Apa yang punya tangan tapi tidak bisa memegang?",
    "jawaban": "jam"
  },
  {
    "soal": "Apa yang tidak punya awal dan akhir?",
    "jawaban": "lingkaran"
  },
  {
    "soal": "Tempat apa yang tidak pernah kamu kunjungi tapi sering kamu baca namanya di peta?",
    "jawaban": "kutub"
  },
  {
    "soal": "Tempat apa yang tidak pernah kamu kunjungi tapi sering kamu baca namanya di peta?",
    "jawaban": "kutub"
  },
  {
    "soal": "Apa yang punya tangan tapi tidak bisa memegang?",
    "jawaban": "jam"
  },
  {
    "soal": "Apa yang bisa menghilang jika kamu menyebutnya?",
    "jawaban": "keheningan"
  },
  {
    "soal": "Apa yang kamu bawa setiap hari tapi tak pernah kamu lihat?",
    "jawaban": "punggung"
  },
  {
    "soal": "Apa yang bisa kamu dengar tapi tidak bisa kamu lihat?",
    "jawaban": "suara"
  },
  {
    "soal": "Apa yang selalu ada di malam, tapi tidak di siang?",
    "jawaban": "huruf M"
  },
  {
    "soal": "Semakin dipotong aku semakin besar. Apa aku?",
    "jawaban": "lubang"
  },
  {
    "soal": "Apa yang naik tapi tidak pernah turun?",
    "jawaban": "umur"
  },
  {
    "soal": "Apa yang selalu basah saat mengeringkan?",
    "jawaban": "handuk"
  },
  {
    "soal": "Benda apa yang tidak bisa dipakai saat kosong?",
    "jawaban": "gelas"
  }
]